{"cameraMode":{"drawMode":2,"name":"Shaded Wireframe","section":"Shading Mode"},"sceneLighting":false,"audioPlay":false,"sceneViewState":{"m_AlwaysRefresh":false,"showFog":true,"showSkybox":false,"showFlares":true,"showImageEffects":true,"showParticleSystems":true,"showVisualEffectGraphs":true,"m_FxEnabled":true},"in2DMode":false,"pivot":{"x":-0.020000001415610315,"y":1.1399999856948853,"z":0.15000000596046449},"rotation":{"x":0.031207771971821786,"y":0.8744060397148132,"z":-0.48088550567626955,"w":0.05673963949084282},"size":0.1982484757900238,"orthographic":false}