{"cameraMode":{"drawMode":2,"name":"Shaded Wireframe","section":"Shading Mode"},"sceneLighting":false,"audioPlay":false,"sceneViewState":{"m_AlwaysRefresh":false,"showFog":true,"showSkybox":false,"showFlares":true,"showImageEffects":true,"showParticleSystems":true,"showVisualEffectGraphs":true,"m_FxEnabled":true},"in2DMode":false,"pivot":{"x":-21.100000381469728,"y":4.400000095367432,"z":-11.760000228881836},"rotation":{"x":-0.2551879286766052,"y":0.0006143011269159615,"z":-0.00012762952246703207,"w":-0.9670143723487854},"size":4.251328945159912,"orthographic":false}