{"cameraMode":{"drawMode":2,"name":"Shaded Wireframe","section":"Shading Mode"},"sceneLighting":false,"audioPlay":false,"sceneViewState":{"m_AlwaysRefresh":false,"showFog":true,"showSkybox":false,"showFlares":true,"showImageEffects":true,"showParticleSystems":true,"showVisualEffectGraphs":true,"m_FxEnabled":true},"in2DMode":false,"pivot":{"x":0.06723063439130783,"y":0.5049231052398682,"z":-1.0342715978622437},"rotation":{"x":-0.005844481289386749,"y":0.9672769904136658,"z":-0.25277531147003176,"w":-0.022346731275320054},"size":1.4191395044326783,"orthographic":false}