{"cameraMode":{"drawMode":2,"name":"Shaded Wireframe","section":"Shading Mode"},"sceneLighting":false,"audioPlay":false,"sceneViewState":{"m_AlwaysRefresh":false,"showFog":true,"showSkybox":false,"showFlares":true,"showImageEffects":true,"showParticleSystems":true,"showVisualEffectGraphs":true,"m_FxEnabled":true},"in2DMode":false,"pivot":{"x":0.4690000116825104,"y":1.0832310914993287,"z":0.14399999380111695},"rotation":{"x":0.031207771971821786,"y":0.8744060397148132,"z":-0.48088550567626955,"w":0.05673963949084282},"size":0.16938723623752595,"orthographic":false}